first_name,last_name,email,phone,address,created_date
Erl,Knappe,eknappe0@com.com,(533) 164-6251,9 Lunder Pass,2020-11-01
Hugibert,Shilvock,hshilvock1@flavors.me,(350) 308-7517,2528 Continental Plaza,2020-11-02
Morten,Burvill,mburvill2@yellowbook.com,(161) 274-0033,073 Monument Trail,2020-11-03
Margot,Liddiard,mliddiard3@feedburner.com,(657) 671-1982,38702 Beilfuss Avenue,2020-11-04
Mabelle,Zienkiewicz,mzienkiewicz4@tamu.edu,(848) 143-2800,836 Vahlen Lane,2020-11-05
Eran,McCloid,emccloid5@privacy.gov.au,(633) 590-3725,01 Arkansas Parkway,2020-11-06
Ebony,Ezzle,eezzle6@uiuc.edu,(194) 889-9609,3494 Artisan Trail,2020-11-07
Annabela,Schwant,aschwant7@booking.com,(974) 526-9599,85 Amoth Hill,2020-11-08
Julienne,Kobus,jkobus8@seesaa.net,(714) 239-0684,67 Glacier Hill Pass,2020-11-09
Myrle,Mulmuray,mmulmuray9@virginia.edu,(887) 183-2264,90 Rutledge Lane,2020-11-10
Pearline,Toppas,ptoppasa@hubpages.com,(124) 911-9088,6 Pepper Wood Junction,2020-11-11
Alfi,Lowdeane,alowdeaneb@nasa.gov,(979) 996-0243,1 Bay Center,2020-11-12
Patric,Marritt,pmarrittc@jimdo.com,(481) 420-3785,518 Southridge Center,2020-11-13
Horacio,Smitten,hsmittend@blogger.com,(729) 811-9799,749 Mandrake Court,2020-11-14
Florian,Athowe,fathowee@unc.edu,(106) 233-1684,4884 Russell Lane,2020-11-15
Laird,Rapi,lrapif@uol.com.br,(443) 289-7385,79 Raven Lane,2020-11-16
Annamarie,Margetson,amargetsong@npr.org,(963) 785-7154,16378 Colorado Drive,2020-11-17
Wernher,Haisell,whaisellh@sitemeter.com,(710) 654-0189,94 Loeprich Pass,2020-11-18
Konstantine,Steggles,kstegglesi@blogger.com,(233) 159-6359,2 Sage Alley,2020-11-19
Janina,Loddon,jloddonj@bbc.co.uk,(935) 557-1022,2 Green Ridge Circle,2020-11-20
Bill,Pascoe,bpascoek@dropbox.com,(645) 998-5451,50381 Mallory Lane,2020-11-21
Laverna,Freiberg,lfreibergl@sina.com.cn,(478) 802-6443,6 Lakeland Hill,2020-11-22
Heddie,Brangan,hbranganm@umich.edu,(739) 482-6938,6979 Muir Park,2020-11-23
Ahmad,Paulillo,apaulillon@theatlantic.com,(381) 806-6209,746 Westport Circle,2020-11-24
Brewster,Jarvis,bjarviso@about.com,(185) 724-8856,23346 Harper Road,2020-11-25
Shela,Neno,snenop@smugmug.com,(332) 237-6463,0 Coolidge Way,2020-11-26
Silvain,Wescott,swescottq@odnoklassniki.ru,(812) 445-9463,8 Thierer Pass,2020-11-27
Martguerita,Guillot,mguillotr@tripadvisor.com,(111) 272-7563,573 Springview Park,2020-11-28
Dalenna,Vials,dvialss@163.com,(628) 525-3751,5836 Sunfield Trail,2020-11-29
Reilly,Harefoot,rharefoott@baidu.com,(459) 221-0053,78 Forest Way,2020-11-30
Easter,Courtliff,ecourtliffu@google.ca,(686) 919-6493,08756 Rigney Center,2022-03-05
Everard,Rivalland,erivallandv@ucoz.ru,(583) 995-0349,5 Glendale Crossing,2022-03-06
Elane,Manjot,emanjotw@examiner.com,(644) 423-5317,29323 Hallows Hill,2022-03-07
Hadleigh,Mattioli,hmattiolix@mapy.cz,(106) 211-0301,0147 Messerschmidt Place,2022-03-08
Lynnelle,Avery,laveryy@fotki.com,(551) 173-5042,17449 5th Crossing,2022-03-09
Antonin,Hakking,ahakkingz@opera.com,(667) 451-0259,9979 Starling Point,2022-03-10
Micheil,Gloster,mgloster10@harvard.edu,(720) 581-2429,9 Myrtle Junction,2022-03-11
Boothe,Bodechon,bbodechon11@wp.com,(278) 914-2835,4 Morningstar Junction,2022-03-12
Joseito,Nordass,jnordass12@goodreads.com,(781) 126-8658,4039 Superior Drive,2022-03-13
Grange,Lear,glear13@statcounter.com,(266) 479-5108,549 Towne Point,2022-03-14
Misti,Yapp,myapp14@wix.com,(311) 730-7982,25 Atwood Road,2022-03-15
Nannette,Dougill,ndougill15@army.mil,(392) 125-7423,85601 Nova Drive,2022-03-16
Chrystel,Minton,cminton16@nifty.com,(229) 756-7390,45960 American Ash Court,2022-03-17
Rustie,Sperwell,rsperwell17@digg.com,(132) 745-2873,32 Vernon Parkway,2022-03-18
Margarita,Lerwill,mlerwill18@free.fr,(877) 140-8822,3 Towne Center,2022-03-19
Georgie,Maffey,gmaffey19@usnews.com,(449) 509-5675,19 Transport Crossing,2022-03-20
Brant,Sollowaye,bsollowaye1a@google.com.hk,(100) 495-5973,03 Eagle Crest Drive,2022-03-21
Wilhelm,Tilliards,wtilliards1b@phoca.cz,(912) 101-9046,7 Fuller Lane,2022-03-22
Allin,Naden,anaden1c@economist.com,(167) 896-0132,2751 Columbus Point,2022-03-23
Tome,Iowarch,tiowarch1d@google.co.jp,(629) 541-9177,5967 Prairie Rose Terrace,2022-03-24
Garey,Rolph,grolph1e@upenn.edu,(707) 765-2131,953 Becker Park,2022-03-25
Locke,Aleso,laleso1f@feedburner.com,(206) 118-4381,95646 Troy Parkway,2023-12-01
Donnie,Zapatero,dzapatero1g@istockphoto.com,(413) 972-1960,05215 Buell Circle,2023-12-02
Pincus,Blanden,pblanden1h@bigcartel.com,(228) 580-0334,6 Leroy Point,2023-12-03
Cal,Lammas,clammas1i@soup.io,(523) 590-7843,3549 Delladonna Pass,2023-12-04
Dalt,O'Deoran,dodeoran1j@salon.com,(880) 537-1499,9866 Gerald Trail,2023-12-05
Justis,Dunbar,jdunbar1k@t.co,(479) 763-9912,22818 Michigan Hill,2023-12-06
Rodrique,Diver,rdiver1l@wisc.edu,(949) 858-1335,8 Rockefeller Crossing,2023-12-07
Sam,Sketch,ssketch1m@newsvine.com,(467) 444-3932,3658 Cardinal Avenue,2023-12-08
Fritz,Luther,fluther1n@indiegogo.com,(683) 665-9477,95497 Loomis Alley,2023-12-09
Bernette,Kleehuhler,bkleehuhler1o@google.fr,(938) 538-1298,7 Vernon Circle,2023-12-10
Valeria,Charman,vcharman1p@clickbank.net,(436) 796-2659,4 Helena Junction,2023-12-11
Marna,Peer,mpeer1q@homestead.com,(923) 239-8442,463 Hallows Pass,2023-12-12
Milissent,McComiskie,mmccomiskie1r@google.fr,(539) 434-2589,1 Sherman Lane,2023-12-13
Norean,MacBarron,nmacbarron1s@sakura.ne.jp,(221) 315-8443,20 Browning Park,2023-12-14
Frederique,Frodsham,ffrodsham1t@jiathis.com,(125) 448-5653,20 Victoria Plaza,2023-12-15
Essa,Colton,ecolton1u@weebly.com,(468) 165-1613,3615 Warner Place,2023-12-16
Antone,Tonbridge,atonbridge1v@tiny.cc,(201) 203-3467,5762 8th Parkway,2023-12-17
Wendel,Colbron,wcolbron1w@ehow.com,(524) 911-2515,05 Shoshone Street,2023-12-18
Jeramey,Ramirez,jramirez1x@dot.gov,(435) 431-6754,312 Fremont Point,2023-12-19
Carlene,Dobrowski,cdobrowski1y@home.pl,(496) 804-1522,04033 Artisan Center,2023-12-20
Ainslee,Meriet,ameriet1z@kickstarter.com,(610) 579-9602,6711 Sugar Center,2023-12-21
Henriette,Sange,hsange20@cbslocal.com,(622) 915-5858,4554 Ilene Place,2023-12-22
Charlotte,Osband,cosband21@alibaba.com,(129) 468-6497,4530 Iowa Place,2023-12-23
Kacy,Baldrick,kbaldrick22@sphinn.com,(380) 696-9600,305 Declaration Alley,2023-12-24
Thatcher,Pill,tpill23@samsung.com,(874) 696-7303,11971 Lake View Way,2023-12-25
Corry,Mortimer,cmortimer24@answers.com,(904) 910-8333,31093 Merchant Point,2023-12-26
Adoree,Clague,aclague25@spiegel.de,(619) 228-4737,568 Meadow Valley Place,2023-12-27
Cary,Talloe,ctalloe26@yandex.ru,(523) 890-9828,283 Merchant Alley,2023-12-28
Denney,Bediss,dbediss27@soup.io,(445) 857-5642,335 Anzinger Parkway,2023-12-29
Minnnie,Philippou,mphilippou28@wikimedia.org,(898) 961-9649,2809 Kinsman Alley,2023-12-30
Pacorro,Kynder,pkynder29@ftc.gov,(900) 321-2981,18656 Holy Cross Circle,2023-12-31
Jasun,Molloy,jmolloy2a@weebly.com,(160) 568-9615,72060 Havey Hill,2024-09-01
Jacquetta,Adiscot,jadiscot2b@bigcartel.com,(978) 690-2563,66 Emmet Circle,2024-09-02
Patty,Shalders,pshalders2c@tmall.com,(693) 366-8904,3 Iowa Trail,2024-09-03
Tiphany,Gurg,tgurg2d@jalbum.net,(916) 174-3014,742 Armistice Trail,2024-09-04
Zena,Wenzel,zwenzel2e@skyrock.com,(738) 110-7020,11921 Rockefeller Park,2024-09-05
Ema,Henker,ehenker2f@goodreads.com,(360) 183-5698,0848 Londonderry Street,2024-09-06
Chiarra,Kimbly,ckimbly2g@freewebs.com,(535) 924-6625,91000 Stoughton Alley,2024-09-07
Margette,Como,mcomo2h@scientificamerican.com,(712) 952-9947,3156 Northfield Parkway,2024-09-08
Paddie,Higgoe,phiggoe2i@sphinn.com,(478) 410-4226,94 Hansons Center,2024-09-09
Irwinn,Pettman,ipettman2j@bloglines.com,(181) 478-8683,4 Delaware Center,2024-09-10
Isabeau,Michell,imichell2k@tripod.com,(319) 343-1601,65885 Westport Parkway,2024-09-11
Merwyn,Datte,mdatte2l@e-recht24.de,(669) 776-3038,21857 Sheridan Parkway,2024-09-12
Lonny,Boxen,lboxen2m@tumblr.com,(831) 990-7549,22 Autumn Leaf Terrace,2024-09-13
Samaria,Jarred,sjarred2n@huffingtonpost.com,(842) 268-8313,67473 Sullivan Way,2024-09-14
Hewe,Roskams,hroskams2o@smh.com.au,(650) 151-0279,70 Alpine Parkway,2024-09-15
Piotr,McCullum,pmccullum2p@ihg.com,(701) 183-4436,7 Emmet Pass,2024-09-16
Marchelle,Argue,margue2q@alexa.com,(561) 841-7451,101 Vermont Street,2024-09-17
Wash,Bourchier,wbourchier2r@weather.com,(488) 124-2241,1 Crownhardt Center,2024-09-18